{
  "l": 1.231453936575047,
  "w": 1.12263802830208
}