{
  "l": 1.2262334637183696,
  "w": 1.1271105128617545
}