{
  "l": 1.003737527853061,
  "w": 0.9236215140451792
}